From,Title,Company,Location,Link
StackOverflow,Experienced Backend Engineer - Java,"TheoremOne, LLC",No office location,https://stackoverflow.com/jobs/566085/experienced-backend-engineer-java-theoremone-llc?a=33QxnI6QU0dq&so=i&pg=1&offset=0&total=50&so_medium=Internal&so_source=JobSearch&q=python&r=true
StackOverflow,Python Developer (Remote),X-Team,No office location,https://stackoverflow.com/jobs/534454/python-developer-remote-x-team?a=2TePQRn14hTq&so=i&pg=1&offset=1&total=50&so_medium=Internal&so_source=JobSearch&q=python&r=true
StackOverflow,Software Engineer - Python - Kubernetes,Canonical,No office location,https://stackoverflow.com/jobs/566356/software-engineer-python-kubernetes-canonical?a=33WaA9TpvC1O&so=i&pg=1&offset=2&total=50&so_medium=Internal&so_source=JobSearch&q=python&r=true
StackOverflow,"Python Software Engineer, Commercial Systems",Canonical,No office location,https://stackoverflow.com/jobs/566450/python-software-engineer-commercial-systems-canonical?a=33Y7VmFkjiSs&so=i&pg=1&offset=3&total=50&so_medium=Internal&so_source=JobSearch&q=python&r=true
StackOverflow,"Senior Software Engineer, Integration QA, Python",Canonical,No office location,https://stackoverflow.com/jobs/519661/senior-software-engineer-integration-qa-python-canonical?a=2OhfkCQ9ChCE&so=i&pg=1&offset=4&total=50&so_medium=Internal&so_source=JobSearch&q=python&r=true
StackOverflow,Software Engineer - Python - Optimise Ubuntu for Public Clouds,Canonical,No office location,https://stackoverflow.com/jobs/561738/software-engineer-python-optimise-ubuntu-for-canonical?a=32o9ptKVl14s&so=i&pg=1&offset=5&total=50&so_medium=Internal&so_source=JobSearch&q=python&r=true
StackOverflow,HPC Engineering Manager - Python & Linux,Canonical,No office location,https://stackoverflow.com/jobs/565980/hpc-engineering-manager-python-linux-canonical?a=33OlRiz0ZqVi&so=i&pg=1&offset=6&total=50&so_medium=Internal&so_source=JobSearch&q=python&r=true
StackOverflow,Senior Software Engineer - App Store APIs,Canonical,No office location,https://stackoverflow.com/jobs/551466/senior-software-engineer-app-store-apis-canonical?a=2YWz0VskO3ew&so=i&pg=1&offset=7&total=50&so_medium=Internal&so_source=JobSearch&q=python&r=true
StackOverflow,"Full-Stack Developer (JavaScript, Node.JS) - REMOTE",MUFG,No office location,https://stackoverflow.com/jobs/559442/full-stack-developer-javascript-nodejs-mufg?a=31CpldlHBt3G&so=i&pg=1&offset=8&total=50&so_medium=Internal&so_source=JobSearch&q=python&r=true
StackOverflow,Software Engineer - MAAS,Canonical,No office location,https://stackoverflow.com/jobs/566318/software-engineer-maas-canonical?a=33VnATWXj7SU&so=i&pg=1&offset=9&total=50&so_medium=Internal&so_source=JobSearch&q=python&r=true
StackOverflow,"Senior Software Engineer, Backend - Landscape",Canonical,No office location,https://stackoverflow.com/jobs/551337/senior-software-engineer-backend-landscape-canonical?a=2YTSIeKTB23S&so=i&pg=1&offset=10&total=50&so_medium=Internal&so_source=JobSearch&q=python&r=true
